,TRADEDATE,CLOSE
0,2013-03-25,98.79
1,2013-03-26,97.2
2,2013-03-27,96.75
3,2013-03-28,98.59
4,2013-03-29,98.76
5,2013-04-01,98.07
6,2013-04-02,98.93
7,2013-04-03,99.59
8,2013-04-04,99.91
9,2013-04-05,99.38
10,2013-04-08,100.43
11,2013-04-09,102.53
12,2013-04-10,100.56
13,2013-04-11,100.31
14,2013-04-12,98.34
15,2013-04-15,95.48
16,2013-04-16,95.92
17,2013-04-17,94.58
18,2013-04-18,95.35
19,2013-04-19,96.22
20,2013-04-22,95.1
21,2013-04-23,96.46
22,2013-04-24,97.89
23,2013-04-25,96.11
24,2013-04-26,95.6
25,2013-04-29,94.83
26,2013-04-30,99.3
27,2013-05-02,100.84
28,2013-05-03,102.92
29,2013-05-06,102.28
30,2013-05-07,105.14
31,2013-05-08,105.81
32,2013-05-10,103.78
33,2013-05-13,103.34
34,2013-05-14,103.84
35,2013-05-15,103.22
36,2013-05-16,102.45
37,2013-05-17,105.17
38,2013-05-20,106.49
39,2013-05-21,108.9
40,2013-05-22,110.73
41,2013-05-23,105.61
42,2013-05-24,102.97
43,2013-05-27,102.86
44,2013-05-28,104.0
45,2013-05-29,99.9
46,2013-05-30,99.98
47,2013-05-31,99.0
48,2013-06-03,98.8
49,2013-06-04,98.71
50,2013-06-05,97.5
51,2013-06-06,96.91
52,2013-06-07,98.92
53,2013-06-10,97.9
54,2013-06-11,94.7
55,2013-06-13,91.85
56,2013-06-14,93.64
57,2013-06-17,95.74
58,2013-06-18,96.36
59,2013-06-19,94.63
60,2013-06-20,91.56
61,2013-06-21,91.24
62,2013-06-24,88.66
63,2013-06-25,89.74
64,2013-06-26,92.67
65,2013-06-27,93.2
66,2013-06-28,93.5
67,2013-07-01,95.4
68,2013-07-02,94.59
69,2013-07-03,93.18
70,2013-07-04,94.0
71,2013-07-05,93.3
72,2013-07-08,93.0
73,2013-07-09,92.41
74,2013-07-10,91.03
75,2013-07-11,95.55
76,2013-07-12,98.4
77,2013-07-15,99.87
78,2013-07-16,99.35
79,2013-07-17,101.11
80,2013-07-18,98.47
81,2013-07-19,99.9
82,2013-07-22,97.82
83,2013-07-23,96.97
84,2013-07-24,96.16
85,2013-07-25,95.78
86,2013-07-26,94.76
87,2013-07-29,94.17
88,2013-07-30,94.13
89,2013-07-31,95.3
90,2013-08-01,96.95
91,2013-08-02,96.98
92,2013-08-05,96.25
93,2013-08-06,94.72
94,2013-08-07,94.48
95,2013-08-08,94.09
96,2013-08-09,95.7
97,2013-08-12,96.22
98,2013-08-13,97.4
99,2013-08-14,98.07
100,2013-08-15,95.31
101,2013-08-16,93.8
102,2013-08-19,93.66
103,2013-08-20,91.74
104,2013-08-21,90.52
105,2013-08-22,92.28
106,2013-08-23,91.9
107,2013-08-26,91.25
108,2013-08-27,90.16
109,2013-08-28,89.4
110,2013-08-29,89.68
111,2013-08-30,88.15
112,2013-09-02,89.48
113,2013-09-03,90.45
114,2013-09-04,90.33
115,2013-09-05,92.78
116,2013-09-06,92.47
117,2013-09-09,94.81
118,2013-09-10,96.55
119,2013-09-11,95.5
120,2013-09-12,95.53
121,2013-09-13,95.82
122,2013-09-16,98.97
123,2013-09-17,99.6
124,2013-09-18,99.79
125,2013-09-19,102.33
126,2013-09-20,102.36
127,2013-09-23,101.82
128,2013-09-24,100.5
129,2013-09-25,101.95
130,2013-09-26,101.67
131,2013-09-27,98.59
132,2013-09-30,97.86
133,2013-10-01,99.16
134,2013-10-02,97.74
135,2013-10-03,98.24
136,2013-10-04,100.39
137,2013-10-07,100.3
138,2013-10-08,102.11
139,2013-10-09,101.48
140,2013-10-10,103.43
141,2013-10-11,102.87
142,2013-10-14,102.93
143,2013-10-15,104.55
144,2013-10-16,104.05
145,2013-10-17,103.33
146,2013-10-18,105.14
147,2013-10-21,105.43
148,2013-10-22,105.4
149,2013-10-23,103.29
150,2013-10-24,102.86
151,2013-10-25,102.99
152,2013-10-28,102.84
153,2013-10-29,102.8
154,2013-10-30,103.11
155,2013-10-31,102.74
156,2013-11-01,103.65
157,2013-11-05,102.47
158,2013-11-06,102.59
159,2013-11-07,103.55
160,2013-11-08,101.86
161,2013-11-11,101.77
162,2013-11-12,104.25
163,2013-11-13,101.81
164,2013-11-14,103.7
165,2013-11-15,103.69
166,2013-11-18,105.5
167,2013-11-19,106.19
168,2013-11-20,106.0
169,2013-11-21,104.78
170,2013-11-22,105.1
171,2013-11-25,105.31
172,2013-11-26,103.02
173,2013-11-27,102.77
174,2013-11-28,102.69
175,2013-11-29,103.07
176,2013-12-02,102.36
177,2013-12-03,100.24
178,2013-12-04,98.95
179,2013-12-05,98.25
180,2013-12-06,99.9
181,2013-12-09,101.0
182,2013-12-10,100.16
183,2013-12-11,100.65
184,2013-12-12,98.96
185,2013-12-13,98.94
186,2013-12-16,99.85
187,2013-12-17,100.15
188,2013-12-18,100.18
189,2013-12-19,101.78
190,2013-12-20,102.2
191,2013-12-23,102.45
192,2013-12-24,101.96
193,2013-12-25,101.62
194,2013-12-26,101.95
195,2013-12-27,100.68
196,2013-12-30,101.17
197,2014-01-06,98.91
198,2014-01-08,98.19
199,2014-01-09,98.0
200,2014-01-10,99.2
201,2014-01-13,100.25
202,2014-01-14,99.24
203,2014-01-15,100.77
204,2014-01-16,100.65
205,2014-01-17,101.17
206,2014-01-20,101.96
207,2014-01-21,102.2
208,2014-01-22,102.17
209,2014-01-23,101.7
210,2014-01-24,99.7
211,2014-01-27,97.78
212,2014-01-28,97.36
213,2014-01-29,95.98
214,2014-01-30,95.8
215,2014-01-31,94.7
216,2014-02-03,94.66
217,2014-02-04,94.07
218,2014-02-05,95.45
219,2014-02-06,96.62
220,2014-02-07,96.53
221,2014-02-10,95.47
222,2014-02-11,96.12
223,2014-02-12,96.84
224,2014-02-13,95.5
225,2014-02-14,96.65
226,2014-02-17,97.49
227,2014-02-18,96.62
228,2014-02-19,94.9
229,2014-02-20,94.63
230,2014-02-21,95.0
231,2014-02-24,94.69
232,2014-02-25,94.17
233,2014-02-26,92.29
234,2014-02-27,90.12
235,2014-02-28,91.16
236,2014-03-03,77.57
237,2014-03-04,81.55
238,2014-03-05,81.46
239,2014-03-06,80.24
240,2014-03-07,79.99
241,2014-03-11,76.57
242,2014-03-12,72.46
243,2014-03-13,69.84
244,2014-03-14,71.75
245,2014-03-17,76.97
246,2014-03-18,81.43
247,2014-03-19,80.83
248,2014-03-20,79.5
249,2014-03-21,78.47
250,2014-03-24,78.29
251,2014-03-25,81.85
252,2014-03-26,82.56
253,2014-03-27,79.88
254,2014-03-28,81.47
255,2014-03-31,83.8
256,2014-04-01,83.88
257,2014-04-02,82.67
258,2014-04-03,81.51
259,2014-04-04,82.98
260,2014-04-07,79.95
261,2014-04-08,79.41
262,2014-04-09,78.85
263,2014-04-10,79.9
264,2014-04-11,79.75
265,2014-04-14,78.35
266,2014-04-15,75.2
267,2014-04-16,76.13
268,2014-04-17,76.89
269,2014-04-18,78.82
270,2014-04-21,77.62
271,2014-04-22,76.3
272,2014-04-23,75.56
273,2014-04-24,73.21
274,2014-04-25,69.91
275,2014-04-28,73.39
276,2014-04-29,72.8
277,2014-04-30,72.5
278,2014-05-02,72.22
279,2014-05-05,71.99
280,2014-05-06,74.1
281,2014-05-07,78.5
282,2014-05-08,78.8
283,2014-05-12,79.08
284,2014-05-13,80.15
285,2014-05-14,81.38
286,2014-05-15,80.04
287,2014-05-16,79.2
288,2014-05-19,81.62
289,2014-05-20,82.31
290,2014-05-21,83.59
291,2014-05-22,83.26
292,2014-05-23,85.83
293,2014-05-26,86.87
294,2014-05-27,84.33
295,2014-05-28,84.95
296,2014-05-29,85.65
297,2014-05-30,84.5
298,2014-06-02,85.91
299,2014-06-03,86.84
300,2014-06-04,87.81
301,2014-06-05,87.43
302,2014-06-06,89.0
303,2014-06-09,88.89
304,2014-06-10,88.99
305,2014-06-11,89.0
306,2014-06-16,84.85
307,2014-06-17,83.8
308,2014-06-18,83.77
309,2014-06-19,84.8
310,2014-06-20,84.16
311,2014-06-23,83.68
312,2014-06-24,86.5
313,2014-06-25,84.4
314,2014-06-26,84.1
315,2014-06-27,84.33
316,2014-06-30,84.5
317,2014-07-01,84.07
318,2014-07-02,85.79
319,2014-07-03,85.34
320,2014-07-04,84.0
321,2014-07-07,85.49
322,2014-07-08,85.11
323,2014-07-09,85.2
324,2014-07-10,84.47
325,2014-07-11,84.55
326,2014-07-14,83.55
327,2014-07-15,83.09
328,2014-07-16,83.78
329,2014-07-17,81.5
330,2014-07-18,80.27
331,2014-07-21,76.56
332,2014-07-22,78.3
333,2014-07-23,77.45
334,2014-07-24,76.87
335,2014-07-25,75.16
336,2014-07-28,72.82
337,2014-07-29,73.2
338,2014-07-30,73.68
339,2014-07-31,73.6
340,2014-08-01,72.37
341,2014-08-04,72.75
342,2014-08-05,71.6
343,2014-08-06,69.0
344,2014-08-07,68.5
345,2014-08-08,70.7
346,2014-08-11,74.21
347,2014-08-12,73.35
348,2014-08-13,74.84
349,2014-08-14,74.99
350,2014-08-15,75.05
351,2014-08-18,75.15
352,2014-08-19,76.0
353,2014-08-20,76.9
354,2014-08-21,78.4
355,2014-08-22,78.39
356,2014-08-25,78.56
357,2014-08-26,77.44
358,2014-08-27,77.93
359,2014-08-28,74.59
360,2014-08-29,73.21
361,2014-09-01,73.68
362,2014-09-02,73.76
363,2014-09-03,78.5
364,2014-09-04,79.39
365,2014-09-05,80.25
366,2014-09-08,78.69
367,2014-09-09,79.41
368,2014-09-10,78.67
369,2014-09-11,76.3
370,2014-09-12,76.65
371,2014-09-15,75.63
372,2014-09-16,77.6
373,2014-09-17,78.66
374,2014-09-18,77.98
375,2014-09-19,77.4
376,2014-09-22,76.0
377,2014-09-23,77.68
378,2014-09-24,79.05
379,2014-09-25,78.01
380,2014-09-26,77.6
381,2014-09-29,76.7
382,2014-09-30,75.52
383,2014-10-01,74.26
384,2014-10-02,73.15
385,2014-10-03,73.77
386,2014-10-06,76.33
387,2014-10-07,75.32
388,2014-10-08,73.8
389,2014-10-09,73.65
390,2014-10-10,73.5
391,2014-10-13,74.26
392,2014-10-14,74.55
393,2014-10-15,73.08
394,2014-10-16,71.12
395,2014-10-17,73.15
396,2014-10-20,72.25
397,2014-10-21,72.5
398,2014-10-22,71.82
399,2014-10-23,71.59
400,2014-10-24,72.49
401,2014-10-27,72.9
402,2014-10-28,73.9
403,2014-10-29,74.05
404,2014-10-30,74.98
405,2014-10-31,76.23
406,2014-11-03,76.29
407,2014-11-05,75.65
408,2014-11-06,75.05
409,2014-11-07,75.69
410,2014-11-10,77.78
411,2014-11-11,77.34
412,2014-11-12,76.32
413,2014-11-13,74.03
414,2014-11-14,74.15
415,2014-11-17,73.97
416,2014-11-18,75.21
417,2014-11-19,73.9
418,2014-11-20,73.63
419,2014-11-21,74.39
420,2014-11-24,74.4
421,2014-11-25,74.11
422,2014-11-26,73.85
423,2014-11-27,73.04
424,2014-11-28,72.25
425,2014-12-01,73.79
426,2014-12-02,71.64
427,2014-12-03,72.0
428,2014-12-04,71.04
429,2014-12-05,68.6
430,2014-12-08,65.3
431,2014-12-09,66.26
432,2014-12-10,67.77
433,2014-12-11,65.95
434,2014-12-12,64.2
435,2014-12-15,60.13
436,2014-12-16,53.5
437,2014-12-17,59.9
438,2014-12-18,62.91
439,2014-12-19,61.44
440,2014-12-22,58.6
441,2014-12-23,54.0
442,2014-12-24,55.0
443,2014-12-25,58.7
444,2014-12-26,57.13
445,2014-12-29,54.51
446,2014-12-30,54.9
447,2015-01-05,56.37
448,2015-01-06,58.28
449,2015-01-08,65.7
450,2015-01-09,63.1
451,2015-01-12,62.9
452,2015-01-13,60.31
453,2015-01-14,60.05
454,2015-01-15,61.8
455,2015-01-16,61.99
456,2015-01-19,61.8
457,2015-01-20,60.8
458,2015-01-21,62.8
459,2015-01-22,64.35
460,2015-01-23,64.45
461,2015-01-26,60.49
462,2015-01-27,61.2
463,2015-01-28,60.63
464,2015-01-29,60.5
465,2015-01-30,61.5
466,2015-02-02,61.4
467,2015-02-03,62.0
468,2015-02-04,61.04
469,2015-02-05,62.41
470,2015-02-06,64.31
471,2015-02-09,65.57
472,2015-02-10,65.0
473,2015-02-11,65.12
474,2015-02-12,67.21
475,2015-02-13,70.6
476,2015-02-16,70.0
477,2015-02-17,72.45
478,2015-02-18,76.4
479,2015-02-19,73.78
480,2015-02-20,74.75
481,2015-02-24,73.7
482,2015-02-25,74.2
483,2015-02-26,75.95
484,2015-02-27,75.91
485,2015-03-02,76.2
486,2015-03-03,75.55
487,2015-03-04,72.31
488,2015-03-05,72.7
489,2015-03-06,73.25
490,2015-03-10,69.8
491,2015-03-11,70.68
492,2015-03-12,70.79
493,2015-03-13,67.87
494,2015-03-16,65.57
495,2015-03-17,64.65
496,2015-03-18,65.26
497,2015-03-19,64.9
498,2015-03-20,67.0
499,2015-03-23,65.0
500,2015-03-24,65.6
501,2015-03-25,64.8
502,2015-03-26,62.85
503,2015-03-27,61.0
504,2015-03-30,63.01
505,2015-03-31,62.88
506,2015-04-01,64.5
507,2015-04-02,65.92
508,2015-04-03,65.5
509,2015-04-06,68.99
510,2015-04-07,69.6
511,2015-04-08,69.4
512,2015-04-09,72.0
513,2015-04-10,71.5
514,2015-04-13,74.1
515,2015-04-14,74.05
516,2015-04-15,76.49
517,2015-04-16,76.5
518,2015-04-17,72.5
519,2015-04-20,73.5
520,2015-04-21,75.24
521,2015-04-22,73.9
522,2015-04-23,75.8
523,2015-04-24,75.75
524,2015-04-27,75.2
525,2015-04-28,75.7
526,2015-04-29,75.2
527,2015-04-30,76.9
528,2015-05-05,80.21
529,2015-05-06,79.2
530,2015-05-07,76.5
531,2015-05-08,75.5
532,2015-05-12,75.19
533,2015-05-13,75.24
534,2015-05-14,74.31
535,2015-05-15,75.05
536,2015-05-18,75.36
537,2015-05-19,73.35
538,2015-05-20,71.6
539,2015-05-21,73.25
540,2015-05-22,74.35
541,2015-05-25,74.46
542,2015-05-26,74.67
543,2015-05-27,74.23
544,2015-05-28,73.6
545,2015-05-29,73.5
546,2015-06-01,72.65
547,2015-06-02,73.92
548,2015-06-03,71.72
549,2015-06-04,71.25
550,2015-06-05,70.61
551,2015-06-08,69.17
552,2015-06-09,70.21
553,2015-06-10,71.51
554,2015-06-11,72.55
555,2015-06-15,71.8
556,2015-06-16,73.5
557,2015-06-17,72.81
558,2015-06-18,72.98
559,2015-06-19,71.56
560,2015-06-22,72.0
561,2015-06-23,72.01
562,2015-06-24,71.98
563,2015-06-25,71.42
564,2015-06-26,70.6
565,2015-06-29,70.2
566,2015-06-30,72.35
567,2015-07-01,71.0
568,2015-07-02,70.54
569,2015-07-03,70.67
570,2015-07-06,68.45
571,2015-07-07,68.77
572,2015-07-08,67.73
573,2015-07-09,69.35
574,2015-07-10,71.06
575,2015-07-13,72.94
576,2015-07-14,73.9
577,2015-07-15,74.0
578,2015-07-16,74.21
579,2015-07-17,75.52
580,2015-07-20,74.1
581,2015-07-21,75.55
582,2015-07-22,74.6
583,2015-07-23,72.7
584,2015-07-24,70.45
585,2015-07-27,68.48
586,2015-07-28,69.55
587,2015-07-29,71.2
588,2015-07-30,72.2
589,2015-07-31,72.3
590,2015-08-03,71.1
591,2015-08-04,72.3
592,2015-08-05,73.49
593,2015-08-06,72.25
594,2015-08-07,74.2
595,2015-08-10,75.16
596,2015-08-11,73.2
597,2015-08-12,73.4
598,2015-08-13,73.7
599,2015-08-14,74.43
600,2015-08-17,73.0
601,2015-08-18,72.45
602,2015-08-19,71.5
603,2015-08-20,72.05
604,2015-08-21,69.86
605,2015-08-24,68.53
606,2015-08-25,70.79
607,2015-08-26,71.0
608,2015-08-27,73.8
609,2015-08-28,74.82
610,2015-08-31,74.5
611,2015-09-01,73.14
612,2015-09-02,72.9
613,2015-09-03,74.15
614,2015-09-04,73.96
615,2015-09-07,73.81
616,2015-09-08,74.9
617,2015-09-09,74.65
618,2015-09-10,74.3
619,2015-09-11,74.1
620,2015-09-14,74.88
621,2015-09-15,74.85
622,2015-09-16,77.71
623,2015-09-17,76.49
624,2015-09-18,75.5
625,2015-09-21,75.94
626,2015-09-22,74.39
627,2015-09-23,73.74
628,2015-09-24,73.33
629,2015-09-25,74.97
630,2015-09-28,74.57
631,2015-09-29,75.5
632,2015-09-30,75.3
633,2015-10-01,74.51
634,2015-10-02,73.8
635,2015-10-05,76.2
636,2015-10-06,77.31
637,2015-10-07,79.65
638,2015-10-08,83.11
639,2015-10-09,85.77
640,2015-10-12,85.45
641,2015-10-13,85.0
642,2015-10-14,86.81
643,2015-10-15,87.7
644,2015-10-16,88.52
645,2015-10-19,87.07
646,2015-10-20,88.14
647,2015-10-21,86.95
648,2015-10-22,86.53
649,2015-10-23,90.45
650,2015-10-26,92.3
651,2015-10-27,89.0
652,2015-10-28,90.05
653,2015-10-29,88.6
654,2015-10-30,90.53
655,2015-11-02,93.65
656,2015-11-03,95.4
657,2015-11-05,95.5
658,2015-11-06,94.09
659,2015-11-09,92.95
660,2015-11-10,94.35
661,2015-11-11,94.0
662,2015-11-12,94.29
663,2015-11-13,93.4
664,2015-11-16,95.8
665,2015-11-17,102.5
666,2015-11-18,104.0
667,2015-11-19,104.86
668,2015-11-20,107.3
669,2015-11-23,109.98
670,2015-11-24,105.6
671,2015-11-25,108.51
672,2015-11-26,106.48
673,2015-11-27,104.55
674,2015-11-30,102.9
675,2015-12-01,101.3
676,2015-12-02,102.5
677,2015-12-03,104.0
678,2015-12-04,103.05
679,2015-12-07,103.0
680,2015-12-08,97.0
681,2015-12-09,100.66
682,2015-12-10,100.13
683,2015-12-11,98.15
684,2015-12-14,97.7
685,2015-12-15,100.0
686,2015-12-16,102.45
687,2015-12-17,103.75
688,2015-12-18,98.81
689,2015-12-21,98.73
690,2015-12-22,99.8
691,2015-12-23,102.96
692,2015-12-24,101.35
693,2015-12-25,101.34
694,2015-12-28,100.2
695,2015-12-29,101.82
696,2015-12-30,101.26
697,2016-01-04,98.01
698,2016-01-05,98.89
699,2016-01-06,96.85
700,2016-01-11,91.03
701,2016-01-12,91.71
702,2016-01-13,91.5
703,2016-01-14,93.04
704,2016-01-15,87.27
705,2016-01-18,86.15
706,2016-01-19,86.68
707,2016-01-20,83.83
708,2016-01-21,86.0
709,2016-01-22,91.5
710,2016-01-25,91.0
711,2016-01-26,91.5
712,2016-01-27,95.75
713,2016-01-28,96.69
714,2016-01-29,96.5
715,2016-02-01,96.5
716,2016-02-02,94.4
717,2016-02-03,94.53
718,2016-02-04,97.57
719,2016-02-05,97.2
720,2016-02-08,94.7
721,2016-02-09,93.89
722,2016-02-10,96.35
723,2016-02-11,94.2
724,2016-02-12,94.85
725,2016-02-15,95.25
726,2016-02-16,96.51
727,2016-02-17,99.2
728,2016-02-18,102.7
729,2016-02-19,101.5
730,2016-02-20,102.39
731,2016-02-22,103.2
732,2016-02-24,102.1
733,2016-02-25,104.05
734,2016-02-26,106.24
735,2016-02-29,107.0
736,2016-03-01,108.26
737,2016-03-02,106.12
738,2016-03-03,106.99
739,2016-03-04,108.99
740,2016-03-07,109.47
741,2016-03-09,108.15
742,2016-03-10,108.84
743,2016-03-11,109.26
744,2016-03-14,109.26
745,2016-03-15,106.46
746,2016-03-16,107.0
747,2016-03-17,109.47
748,2016-03-18,112.4
749,2016-03-21,112.07
750,2016-03-22,111.49
751,2016-03-23,109.1
752,2016-03-24,108.06
753,2016-03-25,109.1
754,2016-03-28,108.12
755,2016-03-29,107.05
756,2016-03-30,109.15
757,2016-03-31,109.9
758,2016-04-01,108.52
759,2016-04-04,108.2
760,2016-04-05,106.87
761,2016-04-06,108.0
762,2016-04-07,108.51
763,2016-04-08,112.92
764,2016-04-11,117.35
765,2016-04-12,117.95
766,2016-04-13,119.5
767,2016-04-14,119.3
768,2016-04-15,119.3
769,2016-04-18,118.2
770,2016-04-19,121.5
771,2016-04-20,123.75
772,2016-04-21,119.17
773,2016-04-22,121.25
774,2016-04-25,120.08
775,2016-04-26,119.7
776,2016-04-27,120.8
777,2016-04-28,124.39
778,2016-04-29,123.55
779,2016-05-04,120.96
780,2016-05-05,120.92
781,2016-05-06,120.64
782,2016-05-10,119.55
783,2016-05-11,123.45
784,2016-05-12,121.2
785,2016-05-13,121.07
786,2016-05-16,122.6
787,2016-05-17,122.71
788,2016-05-18,123.12
789,2016-05-19,120.5
790,2016-05-20,121.9
791,2016-05-23,121.51
792,2016-05-24,123.5
793,2016-05-25,127.87
794,2016-05-26,132.16
795,2016-05-27,133.2
796,2016-05-30,134.45
797,2016-05-31,132.56
798,2016-06-01,131.36
799,2016-06-02,132.3
800,2016-06-03,131.59
801,2016-06-06,133.99
802,2016-06-07,139.97
803,2016-06-08,139.39
804,2016-06-09,139.61
805,2016-06-10,133.5
806,2016-06-14,127.08
807,2016-06-15,129.89
808,2016-06-16,127.1
809,2016-06-17,128.7
810,2016-06-20,132.13
811,2016-06-21,133.39
812,2016-06-22,134.81
813,2016-06-23,138.0
814,2016-06-24,133.4
815,2016-06-27,126.2
816,2016-06-28,129.57
817,2016-06-29,133.88
818,2016-06-30,133.0
819,2016-07-01,133.85
820,2016-07-04,134.6
821,2016-07-05,131.85
822,2016-07-06,129.36
823,2016-07-07,131.8
824,2016-07-08,134.41
825,2016-07-11,137.2
826,2016-07-12,140.4
827,2016-07-13,139.4
828,2016-07-14,140.0
829,2016-07-15,138.12
830,2016-07-18,139.93
831,2016-07-19,139.47
832,2016-07-20,138.57
833,2016-07-21,138.5
834,2016-07-22,137.8
835,2016-07-25,136.0
836,2016-07-26,135.75
837,2016-07-27,136.9
838,2016-07-28,136.85
839,2016-07-29,139.15
840,2016-08-01,138.52
841,2016-08-02,135.06
842,2016-08-03,135.73
843,2016-08-04,137.14
844,2016-08-05,138.69
845,2016-08-08,139.45
846,2016-08-09,139.2
847,2016-08-10,138.3
848,2016-08-11,139.7
849,2016-08-12,139.45
850,2016-08-15,139.5
851,2016-08-16,138.1
852,2016-08-17,138.44
853,2016-08-18,137.0
854,2016-08-19,135.8
855,2016-08-22,137.37
856,2016-08-23,140.35
857,2016-08-24,139.5
858,2016-08-25,142.84
859,2016-08-26,145.25
860,2016-08-29,143.55
861,2016-08-30,143.18
862,2016-08-31,143.5
863,2016-09-01,144.25
864,2016-09-02,146.88
865,2016-09-05,149.5
866,2016-09-06,150.64
867,2016-09-07,154.33
868,2016-09-08,153.45
869,2016-09-09,151.6
870,2016-09-12,151.43
871,2016-09-13,149.8
872,2016-09-14,150.86
873,2016-09-15,149.14
874,2016-09-16,147.0
875,2016-09-19,148.66
876,2016-09-20,149.3
877,2016-09-21,150.67
878,2016-09-22,154.18
879,2016-09-23,151.5
880,2016-09-26,149.1
881,2016-09-27,147.53
882,2016-09-28,147.18
883,2016-09-29,148.47
884,2016-09-30,145.34
885,2016-10-03,148.87
886,2016-10-04,148.1
887,2016-10-05,147.95
888,2016-10-06,148.9
889,2016-10-07,148.74
890,2016-10-10,151.27
891,2016-10-11,151.3
892,2016-10-12,149.2
893,2016-10-13,146.09
894,2016-10-14,146.73
895,2016-10-17,146.46
896,2016-10-18,147.74
897,2016-10-19,148.6
898,2016-10-20,148.26
899,2016-10-21,148.42
900,2016-10-24,149.15
901,2016-10-25,151.57
902,2016-10-26,150.67
903,2016-10-27,149.3
904,2016-10-28,149.2
905,2016-10-31,147.4
906,2016-11-01,145.85
907,2016-11-02,142.36
908,2016-11-03,142.75
909,2016-11-07,143.4
910,2016-11-08,146.11
911,2016-11-09,151.04
912,2016-11-10,153.36
913,2016-11-11,151.51
914,2016-11-14,150.4
915,2016-11-15,149.85
916,2016-11-16,149.94
917,2016-11-17,149.75
918,2016-11-18,150.05
919,2016-11-21,153.0
920,2016-11-22,155.0
921,2016-11-23,155.23
922,2016-11-24,161.15
923,2016-11-25,160.36
924,2016-11-28,159.4
925,2016-11-29,158.07
926,2016-11-30,158.7
927,2016-12-01,158.7
928,2016-12-02,159.4
929,2016-12-05,162.02
930,2016-12-06,159.35
931,2016-12-07,159.95
932,2016-12-08,168.98
933,2016-12-09,169.66
934,2016-12-12,175.4
935,2016-12-13,176.9
936,2016-12-14,173.7
937,2016-12-15,174.92
938,2016-12-16,173.9
939,2016-12-19,174.3
940,2016-12-20,175.9
941,2016-12-21,174.71
942,2016-12-22,170.0
943,2016-12-23,171.15
944,2016-12-26,171.97
945,2016-12-27,172.27
946,2016-12-28,170.1
947,2016-12-29,171.3
948,2016-12-30,173.25
949,2017-01-03,180.12
950,2017-01-04,175.95
951,2017-01-05,171.9
952,2017-01-06,170.69
953,2017-01-09,168.35
954,2017-01-10,171.6
955,2017-01-11,169.05
956,2017-01-12,168.27
957,2017-01-13,164.9
958,2017-01-16,164.66
959,2017-01-17,165.98
960,2017-01-18,165.24
961,2017-01-19,166.3
962,2017-01-20,167.49
963,2017-01-23,166.75
964,2017-01-24,170.25
965,2017-01-25,170.26
966,2017-01-26,173.79
967,2017-01-27,178.92
968,2017-01-30,174.6
969,2017-01-31,172.2
970,2017-02-01,173.9
971,2017-02-02,172.83
972,2017-02-03,173.8
973,2017-02-06,172.87
974,2017-02-07,173.47
975,2017-02-08,171.2
976,2017-02-09,168.8
977,2017-02-10,165.5
978,2017-02-13,164.7
979,2017-02-14,162.7
980,2017-02-15,163.5
981,2017-02-16,166.49
982,2017-02-17,165.49
983,2017-02-20,165.44
984,2017-02-21,167.0
985,2017-02-22,165.9
986,2017-02-24,165.51
987,2017-02-27,160.95
988,2017-02-28,156.0
989,2017-03-01,160.0
990,2017-03-02,163.4
991,2017-03-03,164.4
992,2017-03-06,162.0
993,2017-03-07,160.98
994,2017-03-09,156.2
995,2017-03-10,157.5
996,2017-03-13,158.92
997,2017-03-14,157.42
998,2017-03-15,156.2
999,2017-03-16,158.35
1000,2017-03-17,161.15
1001,2017-03-20,163.8
1002,2017-03-21,162.98
1003,2017-03-22,162.92
1004,2017-03-23,164.15
1005,2017-03-24,164.52
1006,2017-03-27,162.69
1007,2017-03-28,163.66
1008,2017-03-29,163.22
1009,2017-03-30,163.5
1010,2017-03-31,159.8
1011,2017-04-03,161.8
1012,2017-04-04,163.5
1013,2017-04-05,168.1
1014,2017-04-06,167.49
1015,2017-04-07,161.49
1016,2017-04-10,155.2
1017,2017-04-11,156.0
1018,2017-04-12,150.28
1019,2017-04-13,152.0
1020,2017-04-14,149.24
1021,2017-04-17,153.99
1022,2017-04-18,153.4
1023,2017-04-19,153.6
1024,2017-04-20,158.21
1025,2017-04-21,159.59
1026,2017-04-24,162.5
1027,2017-04-25,162.55
1028,2017-04-26,165.05
1029,2017-04-27,164.69
1030,2017-04-28,165.2
1031,2017-05-02,166.64
1032,2017-05-03,164.71
1033,2017-05-04,165.5
1034,2017-05-05,165.8
1035,2017-05-10,170.8
1036,2017-05-11,169.97
1037,2017-05-12,167.7
1038,2017-05-15,171.35
1039,2017-05-16,170.66
1040,2017-05-17,169.24
1041,2017-05-18,166.5
1042,2017-05-19,168.87
1043,2017-05-22,168.03
1044,2017-05-23,166.31
1045,2017-05-24,165.7
1046,2017-05-25,164.05
1047,2017-05-26,160.7
1048,2017-05-29,163.9
1049,2017-05-30,161.64
1050,2017-05-31,155.93
1051,2017-06-01,153.0
1052,2017-06-02,157.14
1053,2017-06-05,154.7
1054,2017-06-06,152.8
1055,2017-06-07,152.82
1056,2017-06-08,151.93
1057,2017-06-09,150.13
1058,2017-06-13,146.0
1059,2017-06-14,143.0
1060,2017-06-15,139.0
1061,2017-06-16,141.63
1062,2017-06-19,145.0
1063,2017-06-20,144.9
1064,2017-06-21,143.49
1065,2017-06-22,144.25
1066,2017-06-23,144.1
1067,2017-06-26,144.49
1068,2017-06-27,147.1
1069,2017-06-28,145.5
1070,2017-06-29,143.8
1071,2017-06-30,145.59
1072,2017-07-03,147.5
1073,2017-07-04,149.39
1074,2017-07-05,148.96
1075,2017-07-06,150.35
1076,2017-07-07,152.16
1077,2017-07-10,155.0
1078,2017-07-11,156.91
1079,2017-07-12,160.85
1080,2017-07-13,159.94
1081,2017-07-14,161.4
1082,2017-07-17,161.98
1083,2017-07-18,161.7
1084,2017-07-19,164.34
1085,2017-07-20,163.93
1086,2017-07-21,162.1
1087,2017-07-24,161.33
1088,2017-07-25,160.22
1089,2017-07-26,161.55
1090,2017-07-27,166.0
1091,2017-07-28,165.4
1092,2017-07-31,164.53
1093,2017-08-01,166.31
1094,2017-08-02,169.9
1095,2017-08-03,170.0
1096,2017-08-04,169.73
1097,2017-08-07,172.79
1098,2017-08-08,175.75
1099,2017-08-09,173.4
1100,2017-08-10,172.2
1101,2017-08-11,172.05
1102,2017-08-14,172.51
1103,2017-08-15,172.33
1104,2017-08-16,173.05
1105,2017-08-17,172.72
1106,2017-08-18,169.5
1107,2017-08-21,169.9
1108,2017-08-22,171.0
1109,2017-08-23,175.3
1110,2017-08-24,179.8
1111,2017-08-25,180.51
1112,2017-08-28,181.85
1113,2017-08-29,181.89
1114,2017-08-30,183.5
1115,2017-08-31,183.51
1116,2017-09-01,183.66
1117,2017-09-04,184.1
1118,2017-09-05,184.14
1119,2017-09-06,183.12
1120,2017-09-07,184.0
1121,2017-09-08,185.89
1122,2017-09-11,190.5
1123,2017-09-12,189.32
1124,2017-09-13,189.1
1125,2017-09-14,188.64
1126,2017-09-15,188.75
1127,2017-09-18,188.04
1128,2017-09-19,184.85
1129,2017-09-20,186.47
1130,2017-09-21,187.38
1131,2017-09-22,187.55
1132,2017-09-25,191.2
1133,2017-09-26,192.54
1134,2017-09-27,193.7
1135,2017-09-28,191.96
1136,2017-09-29,192.33
1137,2017-10-02,193.0
1138,2017-10-03,192.5
1139,2017-10-04,192.03
1140,2017-10-05,193.74
1141,2017-10-06,194.16
1142,2017-10-09,194.0
1143,2017-10-10,193.21
1144,2017-10-11,195.83
1145,2017-10-12,195.51
1146,2017-10-13,196.48
1147,2017-10-16,197.7
1148,2017-10-17,197.2
1149,2017-10-18,195.31
1150,2017-10-19,192.2
1151,2017-10-20,192.97
1152,2017-10-23,192.34
1153,2017-10-24,192.5
1154,2017-10-25,192.04
1155,2017-10-26,192.75
1156,2017-10-27,196.05
1157,2017-10-30,195.0
1158,2017-10-31,193.8
1159,2017-11-01,194.05
1160,2017-11-02,193.85
1161,2017-11-03,193.8
1162,2017-11-07,205.96
1163,2017-11-08,209.09
1164,2017-11-09,220.05
1165,2017-11-10,217.7
1166,2017-11-13,216.61
1167,2017-11-14,221.4
1168,2017-11-15,225.95
1169,2017-11-16,227.5
1170,2017-11-17,225.65
1171,2017-11-20,224.6
1172,2017-11-21,231.0
1173,2017-11-22,230.25
1174,2017-11-23,225.56
1175,2017-11-24,228.0
1176,2017-11-27,226.76
1177,2017-11-28,230.0
1178,2017-11-29,228.2
1179,2017-11-30,224.35
1180,2017-12-01,221.5
1181,2017-12-04,224.6
1182,2017-12-05,223.91
1183,2017-12-06,223.75
1184,2017-12-07,219.81
1185,2017-12-08,220.89
1186,2017-12-11,227.69
1187,2017-12-12,227.9
1188,2017-12-13,221.8
1189,2017-12-14,229.9
1190,2017-12-15,226.53
1191,2017-12-18,227.4
1192,2017-12-19,224.1
1193,2017-12-20,226.0
1194,2017-12-21,223.6
1195,2017-12-22,221.44
1196,2017-12-25,223.3
1197,2017-12-26,223.57
1198,2017-12-27,226.98
1199,2017-12-28,224.2
1200,2017-12-29,225.2
1201,2018-01-03,231.9
1202,2018-01-04,238.8
1203,2018-01-05,238.6
1204,2018-01-09,240.4
1205,2018-01-10,237.76
1206,2018-01-11,239.0
1207,2018-01-12,237.75
1208,2018-01-15,238.85
1209,2018-01-16,239.64
1210,2018-01-17,239.82
1211,2018-01-18,245.5
1212,2018-01-19,242.45
1213,2018-01-22,243.99
1214,2018-01-23,244.4
1215,2018-01-24,247.53
1216,2018-01-25,250.64
1217,2018-01-26,247.0
1218,2018-01-29,250.48
1219,2018-01-30,257.8
1220,2018-01-31,264.5
1221,2018-02-01,263.2
1222,2018-02-02,257.32
1223,2018-02-05,255.64
1224,2018-02-06,258.94
1225,2018-02-07,257.58
1226,2018-02-08,253.19
1227,2018-02-09,250.11
1228,2018-02-12,255.05
1229,2018-02-13,258.3
1230,2018-02-14,262.03
1231,2018-02-15,264.58
1232,2018-02-16,266.99
1233,2018-02-19,266.85
1234,2018-02-20,267.22
1235,2018-02-21,279.2
1236,2018-02-22,277.49
1237,2018-02-26,279.97
1238,2018-02-27,278.21
1239,2018-02-28,272.4
1240,2018-03-01,275.0
1241,2018-03-02,273.0
1242,2018-03-05,277.0
1243,2018-03-06,274.03
1244,2018-03-07,274.0
1245,2018-03-09,274.6
1246,2018-03-12,274.3
1247,2018-03-13,273.95
1248,2018-03-14,262.5
1249,2018-03-15,254.51
1250,2018-03-16,256.15
1251,2018-03-19,255.0
1252,2018-03-20,257.15
1253,2018-03-21,268.88
1254,2018-03-22,265.5
1255,2018-03-23,262.0
1256,2018-03-26,255.0
1257,2018-03-27,258.0
1258,2018-03-28,251.5
1259,2018-03-29,252.9
1260,2018-03-30,253.57
1261,2018-04-02,249.99
1262,2018-04-03,251.6
1263,2018-04-04,255.69
1264,2018-04-05,262.0
1265,2018-04-06,256.76
1266,2018-04-09,213.0
1267,2018-04-10,214.8
1268,2018-04-11,208.0
1269,2018-04-12,212.21
1270,2018-04-13,204.7
1271,2018-04-16,192.06
1272,2018-04-17,207.5
1273,2018-04-18,215.87
1274,2018-04-19,213.45
1275,2018-04-20,215.36
1276,2018-04-23,223.25
1277,2018-04-24,223.0
1278,2018-04-25,220.45
1279,2018-04-26,220.7
1280,2018-04-27,223.91
1281,2018-04-28,224.8
1282,2018-04-30,226.99
1283,2018-05-02,229.02
1284,2018-05-03,228.03
1285,2018-05-04,228.55
1286,2018-05-07,229.86
1287,2018-05-08,226.7
1288,2018-05-10,233.7
1289,2018-05-11,235.72
1290,2018-05-14,237.8
1291,2018-05-15,231.39
1292,2018-05-16,229.8
1293,2018-05-17,226.05
1294,2018-05-18,222.2
1295,2018-05-21,226.21
1296,2018-05-22,225.6
1297,2018-05-23,221.0
1298,2018-05-24,222.01
1299,2018-05-25,220.0
1300,2018-05-28,220.9
1301,2018-05-29,219.0
1302,2018-05-30,221.01
1303,2018-05-31,222.36
1304,2018-06-01,220.0
1305,2018-06-04,220.0
1306,2018-06-05,215.56
1307,2018-06-06,217.9
1308,2018-06-07,216.41
1309,2018-06-08,210.95
1310,2018-06-09,212.6
1311,2018-06-11,210.35
1312,2018-06-13,215.0
1313,2018-06-14,214.0
1314,2018-06-15,209.36
1315,2018-06-18,206.3
1316,2018-06-19,206.0
1317,2018-06-20,212.2
1318,2018-06-21,210.4
1319,2018-06-22,214.43
1320,2018-06-25,202.51
1321,2018-06-26,199.91
1322,2018-06-27,207.95
1323,2018-06-28,208.5
1324,2018-06-29,218.0
1325,2018-07-02,221.01
1326,2018-07-03,218.45
1327,2018-07-04,217.7
1328,2018-07-05,224.54
1329,2018-07-06,226.71
1330,2018-07-09,230.0
1331,2018-07-10,230.3
1332,2018-07-11,227.57
1333,2018-07-12,226.6
1334,2018-07-13,229.85
1335,2018-07-16,227.99
1336,2018-07-17,222.5
1337,2018-07-18,216.28
1338,2018-07-19,207.5
1339,2018-07-20,204.34
1340,2018-07-23,208.42
1341,2018-07-24,215.45
1342,2018-07-25,213.7
1343,2018-07-26,210.0
1344,2018-07-27,208.9
1345,2018-07-30,211.33
1346,2018-07-31,214.86
1347,2018-08-01,210.6
1348,2018-08-02,206.6
1349,2018-08-03,202.21
1350,2018-08-06,203.9
1351,2018-08-07,201.79
1352,2018-08-08,193.2
1353,2018-08-09,195.9
1354,2018-08-10,186.15
1355,2018-08-13,190.0
1356,2018-08-14,192.76
1357,2018-08-15,187.98
1358,2018-08-16,191.6
1359,2018-08-17,189.55
1360,2018-08-20,191.2
1361,2018-08-21,191.8
1362,2018-08-22,187.8
1363,2018-08-23,178.71
1364,2018-08-24,180.39
1365,2018-08-27,183.27
1366,2018-08-28,182.0
1367,2018-08-29,183.5
1368,2018-08-30,178.0
1369,2018-08-31,182.0
1370,2018-09-03,181.21
1371,2018-09-04,179.5
1372,2018-09-05,178.46
1373,2018-09-06,175.0
1374,2018-09-07,174.9
1375,2018-09-10,171.21
1376,2018-09-11,169.36
1377,2018-09-12,173.9
1378,2018-09-13,183.5
1379,2018-09-14,188.71
1380,2018-09-17,188.11
1381,2018-09-18,191.65
1382,2018-09-19,193.9
1383,2018-09-20,191.16
1384,2018-09-21,193.44
1385,2018-09-24,198.75
1386,2018-09-25,195.55
1387,2018-09-26,195.79
1388,2018-09-27,204.1
1389,2018-09-28,203.32
1390,2018-10-01,204.2
1391,2018-10-02,199.5
1392,2018-10-03,198.3
1393,2018-10-04,189.35
1394,2018-10-05,187.2
1395,2018-10-08,191.85
1396,2018-10-09,191.25
1397,2018-10-10,189.89
1398,2018-10-11,185.27
1399,2018-10-12,191.85
1400,2018-10-15,190.92
1401,2018-10-16,196.05
1402,2018-10-17,194.05
1403,2018-10-18,191.0
1404,2018-10-19,183.8
1405,2018-10-22,180.7
1406,2018-10-23,181.0
1407,2018-10-24,188.01
1408,2018-10-25,186.71
1409,2018-10-26,181.0
1410,2018-10-29,185.59
1411,2018-10-30,184.78
1412,2018-10-31,189.8
1413,2018-11-01,188.67
1414,2018-11-02,192.6
1415,2018-11-06,197.8
1416,2018-11-07,201.9
1417,2018-11-08,202.89
1418,2018-11-09,195.75
1419,2018-11-12,196.82
1420,2018-11-13,196.56
1421,2018-11-14,199.2
1422,2018-11-15,200.15
1423,2018-11-16,199.26
1424,2018-11-19,197.99
1425,2018-11-20,194.21
1426,2018-11-21,197.5
1427,2018-11-22,199.4
1428,2018-11-23,197.3
1429,2018-11-26,188.5
1430,2018-11-27,191.03
1431,2018-11-28,190.2
1432,2018-11-29,195.76
1433,2018-11-30,194.0
1434,2018-12-03,200.3
1435,2018-12-04,199.0
1436,2018-12-05,196.0
1437,2018-12-06,192.19
1438,2018-12-07,195.01
1439,2018-12-10,191.8
1440,2018-12-11,192.57
1441,2018-12-12,190.45
1442,2018-12-13,189.17
1443,2018-12-14,184.93
1444,2018-12-17,182.3
1445,2018-12-18,186.6
1446,2018-12-19,188.85
1447,2018-12-20,189.3
1448,2018-12-21,186.79
1449,2018-12-24,184.3
1450,2018-12-25,183.3
1451,2018-12-26,183.4
1452,2018-12-27,185.0
1453,2018-12-28,186.5
1454,2018-12-29,186.3
1455,2019-01-03,186.99
1456,2019-01-04,190.99
1457,2019-01-08,191.24
1458,2019-01-09,197.0
1459,2019-01-10,196.75
1460,2019-01-11,196.8
1461,2019-01-14,196.8
1462,2019-01-15,198.0
1463,2019-01-16,201.26
1464,2019-01-17,203.32
1465,2019-01-18,208.44
1466,2019-01-21,207.17
1467,2019-01-22,207.95
1468,2019-01-23,210.4
1469,2019-01-24,212.2
1470,2019-01-25,212.0
1471,2019-01-28,209.7
1472,2019-01-29,213.61
1473,2019-01-30,213.14
1474,2019-01-31,217.9
1475,2019-02-01,216.29
1476,2019-02-04,215.5
1477,2019-02-05,217.85
1478,2019-02-06,216.59
1479,2019-02-07,211.01
1480,2019-02-08,210.43
1481,2019-02-11,214.0
1482,2019-02-12,219.1
1483,2019-02-13,213.9
1484,2019-02-14,204.43
1485,2019-02-15,208.0
1486,2019-02-18,204.19
1487,2019-02-19,202.08
1488,2019-02-20,206.89
1489,2019-02-21,203.41
1490,2019-02-22,205.25
1491,2019-02-25,205.86
1492,2019-02-26,205.8
1493,2019-02-27,205.4
1494,2019-02-28,207.8
1495,2019-03-01,206.54
1496,2019-03-04,205.5
1497,2019-03-05,202.92
1498,2019-03-06,205.0
1499,2019-03-07,203.95
1500,2019-03-11,205.25
1501,2019-03-12,205.1
1502,2019-03-13,206.0
1503,2019-03-14,203.66
1504,2019-03-15,203.55
1505,2019-03-18,205.9
1506,2019-03-19,207.7
1507,2019-03-20,209.8
1508,2019-03-21,210.61
1509,2019-03-22,207.7
1510,2019-03-25,214.0
1511,2019-03-26,218.0
1512,2019-03-27,214.1
1513,2019-03-28,215.07
1514,2019-03-29,214.42
1515,2019-04-01,217.7
1516,2019-04-02,218.23
1517,2019-04-03,219.05
1518,2019-04-04,221.8
1519,2019-04-05,227.5
1520,2019-04-08,232.3
1521,2019-04-09,238.0
1522,2019-04-10,243.68
1523,2019-04-11,238.86
1524,2019-04-12,239.5
1525,2019-04-15,237.8
1526,2019-04-16,233.24
1527,2019-04-17,234.3
1528,2019-04-18,232.79
1529,2019-04-19,232.6
1530,2019-04-22,235.41
1531,2019-04-23,235.67
1532,2019-04-24,236.0
1533,2019-04-25,227.8
1534,2019-04-26,223.18
1535,2019-04-29,228.8
1536,2019-04-30,225.17
1537,2019-05-02,229.1
1538,2019-05-03,232.52
1539,2019-05-06,232.8
1540,2019-05-07,231.49
1541,2019-05-08,230.0
1542,2019-05-10,227.0
1543,2019-05-13,224.22
1544,2019-05-14,227.88
1545,2019-05-15,228.69
1546,2019-05-16,228.19
1547,2019-05-17,226.94
1548,2019-05-20,226.0
1549,2019-05-21,232.71
1550,2019-05-22,235.86
1551,2019-05-23,229.3
1552,2019-05-24,234.45
1553,2019-05-27,236.0
1554,2019-05-28,233.19
1555,2019-05-29,233.4
1556,2019-05-30,232.75
1557,2019-05-31,233.24
1558,2019-06-03,239.95
1559,2019-06-04,236.0
1560,2019-06-05,239.0
1561,2019-06-06,244.89
1562,2019-06-07,248.28
1563,2019-06-10,249.0
1564,2019-06-11,235.89
1565,2019-06-13,240.49
1566,2019-06-14,238.8
1567,2019-06-17,237.8
1568,2019-06-18,241.8
1569,2019-06-19,240.4
1570,2019-06-20,244.1
1571,2019-06-21,238.02
1572,2019-06-24,239.09
1573,2019-06-25,236.7
1574,2019-06-26,240.59
1575,2019-06-27,240.5
1576,2019-06-28,238.55
1577,2019-07-01,242.98
1578,2019-07-02,241.2
1579,2019-07-03,241.51
1580,2019-07-04,242.82
1581,2019-07-05,242.83
1582,2019-07-08,243.3
1583,2019-07-09,242.74
1584,2019-07-10,243.76
1585,2019-07-11,241.3
1586,2019-07-12,237.02
1587,2019-07-15,235.27
1588,2019-07-16,234.75
1589,2019-07-17,234.63
1590,2019-07-18,234.78
1591,2019-07-19,232.85
1592,2019-07-22,230.35
1593,2019-07-23,232.48
1594,2019-07-24,230.65
1595,2019-07-25,232.9
1596,2019-07-26,230.55
1597,2019-07-29,232.8
1598,2019-07-30,236.0
1599,2019-07-31,233.49
1600,2019-08-01,229.5
1601,2019-08-02,220.81
1602,2019-08-05,222.24
1603,2019-08-06,226.01
1604,2019-08-07,222.25
1605,2019-08-08,223.93
1606,2019-08-09,220.67
1607,2019-08-12,222.3
1608,2019-08-13,223.18
1609,2019-08-14,217.11
1610,2019-08-15,214.59
1611,2019-08-16,215.05
1612,2019-08-19,217.4
1613,2019-08-20,216.0
1614,2019-08-21,218.62
1615,2019-08-22,219.5
1616,2019-08-23,219.5
1617,2019-08-26,218.5
1618,2019-08-27,217.89
1619,2019-08-28,218.3
1620,2019-08-29,221.5
1621,2019-08-30,224.2
1622,2019-09-02,226.68
1623,2019-09-03,224.0
1624,2019-09-04,227.1
1625,2019-09-05,230.79
1626,2019-09-06,229.02
1627,2019-09-09,229.0
1628,2019-09-10,233.3
1629,2019-09-11,234.72
1630,2019-09-12,234.57
1631,2019-09-13,233.0
1632,2019-09-16,235.32
1633,2019-09-17,235.89
1634,2019-09-18,235.3
1635,2019-09-19,234.98
1636,2019-09-20,232.0
1637,2019-09-23,229.7
1638,2019-09-24,227.5
1639,2019-09-25,228.09
1640,2019-09-26,229.09
1641,2019-09-27,228.05
1642,2019-09-30,227.71
1643,2019-10-01,226.49
1644,2019-10-02,223.5
1645,2019-10-03,224.08
1646,2019-10-04,222.76
1647,2019-10-07,227.55
1648,2019-10-08,226.03
1649,2019-10-09,227.7
1650,2019-10-10,228.5
1651,2019-10-11,230.31
1652,2019-10-14,228.4
1653,2019-10-15,229.4
1654,2019-10-16,231.0
1655,2019-10-17,233.5
1656,2019-10-18,235.55
1657,2019-10-21,234.94
1658,2019-10-22,239.77
1659,2019-10-23,239.57
1660,2019-10-24,242.78
1661,2019-10-25,240.0
1662,2019-10-28,237.03
1663,2019-10-29,240.11
1664,2019-10-30,239.51
1665,2019-10-31,234.89
1666,2019-11-01,236.4
1667,2019-11-05,238.53
1668,2019-11-06,239.02
1669,2019-11-07,242.5
1670,2019-11-08,240.17
1671,2019-11-11,241.5
1672,2019-11-12,239.87
1673,2019-11-13,237.21
1674,2019-11-14,237.5
1675,2019-11-15,240.0
1676,2019-11-18,237.45
1677,2019-11-19,239.25
1678,2019-11-20,237.78
1679,2019-11-21,237.15
1680,2019-11-22,238.13
1681,2019-11-25,237.98
1682,2019-11-26,235.0
1683,2019-11-27,234.22
1684,2019-11-28,235.2
1685,2019-11-29,233.98
1686,2019-12-02,233.77
1687,2019-12-03,230.66
1688,2019-12-04,231.59
1689,2019-12-05,231.71
1690,2019-12-06,235.14
1691,2019-12-09,237.04
1692,2019-12-10,237.91
1693,2019-12-11,240.32
1694,2019-12-12,241.05
1695,2019-12-13,241.21
1696,2019-12-16,241.45
1697,2019-12-17,241.6
1698,2019-12-18,246.2
1699,2019-12-19,244.0
1700,2019-12-20,244.71
1701,2019-12-23,248.8
1702,2019-12-24,248.67
1703,2019-12-25,248.04
1704,2019-12-26,248.24
1705,2019-12-27,252.06
1706,2019-12-30,254.75
1707,2020-01-03,255.0
1708,2020-01-06,253.9
1709,2020-01-08,259.15
1710,2020-01-09,257.99
1711,2020-01-10,258.19
1712,2020-01-13,262.4
1713,2020-01-14,259.05
1714,2020-01-15,256.31
1715,2020-01-16,257.51
1716,2020-01-17,262.5
1717,2020-01-20,266.28
1718,2020-01-21,268.06
1719,2020-01-22,266.54
1720,2020-01-23,263.73
1721,2020-01-24,265.49
1722,2020-01-27,255.32
1723,2020-01-28,257.7
1724,2020-01-29,259.94
1725,2020-01-30,257.31
1726,2020-01-31,252.2
1727,2020-02-03,253.99
1728,2020-02-04,255.4
1729,2020-02-05,255.2
1730,2020-02-06,252.11
1731,2020-02-07,254.3
1732,2020-02-10,252.26
1733,2020-02-11,254.5
1734,2020-02-12,254.5
1735,2020-02-13,253.89
1736,2020-02-14,251.75
1737,2020-02-17,251.36
1738,2020-02-18,249.2
1739,2020-02-19,249.7
1740,2020-02-20,250.15
1741,2020-02-21,250.8
1742,2020-02-25,245.19
1743,2020-02-26,250.8
1744,2020-02-27,242.88
1745,2020-02-28,233.36
1746,2020-03-02,228.17
1747,2020-03-03,236.63
1748,2020-03-04,235.27
1749,2020-03-05,232.33
1750,2020-03-06,219.99
1751,2020-03-10,201.2
1752,2020-03-11,194.53
1753,2020-03-12,175.91
1754,2020-03-13,198.6
1755,2020-03-16,195.85
1756,2020-03-17,184.01
1757,2020-03-18,174.27
1758,2020-03-19,189.51
1759,2020-03-20,195.69
1760,2020-03-23,183.37
1761,2020-03-24,192.64
1762,2020-03-25,188.08
1763,2020-03-26,188.07
1764,2020-03-27,180.38
1765,2020-03-30,183.0
1766,2020-03-31,187.21
1767,2020-04-01,184.78
1768,2020-04-02,186.95
1769,2020-04-03,185.64
1770,2020-04-06,190.7
1771,2020-04-07,197.63
1772,2020-04-08,200.29
1773,2020-04-09,203.61
1774,2020-04-10,201.99
1775,2020-04-13,198.26
1776,2020-04-14,197.37
1777,2020-04-15,186.07
1778,2020-04-16,188.5
1779,2020-04-17,191.8
1780,2020-04-20,189.32
1781,2020-04-21,186.05
1782,2020-04-22,190.2
1783,2020-04-23,190.94
1784,2020-04-24,188.91
1785,2020-04-27,188.9
1786,2020-04-28,192.8
1787,2020-04-29,195.8
1788,2020-04-30,197.25
1789,2020-05-04,193.69
1790,2020-05-05,194.75
1791,2020-05-06,195.7
1792,2020-05-07,195.51
1793,2020-05-08,196.02
1794,2020-05-12,191.4
1795,2020-05-13,187.31
1796,2020-05-14,183.81
1797,2020-05-15,183.85
1798,2020-05-18,188.93
1799,2020-05-19,189.0
1800,2020-05-20,193.98
1801,2020-05-21,192.4
1802,2020-05-22,188.9
1803,2020-05-25,191.0
1804,2020-05-26,194.0
1805,2020-05-27,198.51
1806,2020-05-28,205.0
1807,2020-05-29,200.5
1808,2020-06-01,203.66
1809,2020-06-02,212.0
1810,2020-06-03,221.5
1811,2020-06-04,213.1
1812,2020-06-05,219.1
1813,2020-06-08,220.3
1814,2020-06-09,217.23
1815,2020-06-10,212.53
1816,2020-06-11,208.35
1817,2020-06-15,207.32
1818,2020-06-16,207.76
1819,2020-06-17,208.14
1820,2020-06-18,203.77
1821,2020-06-19,207.0
1822,2020-06-22,206.4
1823,2020-06-23,207.3
1824,2020-06-25,206.92
1825,2020-06-26,203.15
1826,2020-06-29,205.8
1827,2020-06-30,203.22
1828,2020-07-02,209.6
1829,2020-07-03,210.95
1830,2020-07-06,214.61
1831,2020-07-07,210.53
1832,2020-07-08,210.97
1833,2020-07-09,209.11
1834,2020-07-10,212.28
1835,2020-07-13,208.39
1836,2020-07-14,209.5
1837,2020-07-15,211.09
1838,2020-07-16,211.35
1839,2020-07-17,210.81
1840,2020-07-20,213.89
1841,2020-07-21,215.73
1842,2020-07-22,216.71
1843,2020-07-23,215.41
1844,2020-07-24,215.97
1845,2020-07-27,216.9
1846,2020-07-28,215.53
1847,2020-07-29,219.18
1848,2020-07-30,218.15
1849,2020-07-31,221.57
1850,2020-08-03,226.72
1851,2020-08-04,227.16
1852,2020-08-05,226.4
1853,2020-08-06,226.0
1854,2020-08-07,227.28
1855,2020-08-10,225.99
1856,2020-08-11,232.65
1857,2020-08-12,242.4
1858,2020-08-13,241.39
1859,2020-08-14,239.99
1860,2020-08-17,237.8
1861,2020-08-18,236.3
1862,2020-08-19,239.4
1863,2020-08-20,232.48
1864,2020-08-21,231.22
1865,2020-08-24,231.81
1866,2020-08-25,228.08
1867,2020-08-26,227.8
1868,2020-08-27,226.23
1869,2020-08-28,226.3
1870,2020-08-31,226.1
1871,2020-09-01,227.64
1872,2020-09-02,222.57
1873,2020-09-03,218.32
1874,2020-09-04,222.21
1875,2020-09-07,221.32
1876,2020-09-08,217.68
1877,2020-09-09,218.0
1878,2020-09-10,220.6
1879,2020-09-11,221.07
1880,2020-09-14,227.37
1881,2020-09-15,231.5
1882,2020-09-16,231.06
1883,2020-09-17,231.46
1884,2020-09-18,230.3
1885,2020-09-21,226.25
1886,2020-09-22,229.88
1887,2020-09-23,228.5
1888,2020-09-24,228.17
1889,2020-09-25,228.24
1890,2020-09-28,228.63
1891,2020-09-29,225.48
1892,2020-09-30,229.14
1893,2020-10-01,227.23
1894,2020-10-02,208.8
1895,2020-10-05,208.89
1896,2020-10-06,211.18
1897,2020-10-07,210.6
1898,2020-10-08,207.97
1899,2020-10-09,205.38
1900,2020-10-12,206.18
1901,2020-10-13,205.03
1902,2020-10-14,207.83
1903,2020-10-15,203.85
1904,2020-10-16,201.17
1905,2020-10-19,202.78
1906,2020-10-20,209.54
1907,2020-10-21,210.33
1908,2020-10-22,210.21
1909,2020-10-23,214.5
1910,2020-10-26,211.1
1911,2020-10-27,207.64
1912,2020-10-28,204.73
1913,2020-10-29,205.58
1914,2020-10-30,200.99
1915,2020-11-02,204.5
1916,2020-11-03,209.2
1917,2020-11-05,216.7
1918,2020-11-06,217.5
1919,2020-11-09,228.05
1920,2020-11-10,236.1
1921,2020-11-11,244.2
1922,2020-11-12,242.08
1923,2020-11-13,242.99
1924,2020-11-16,247.99
1925,2020-11-17,245.7
1926,2020-11-18,242.71
1927,2020-11-19,240.27
1928,2020-11-20,239.42
1929,2020-11-23,239.7
1930,2020-11-24,247.33
1931,2020-11-25,251.91
1932,2020-11-26,250.1
1933,2020-11-27,251.59
1934,2020-11-30,249.63
1935,2020-12-01,260.81
1936,2020-12-02,264.06
1937,2020-12-03,263.14
1938,2020-12-04,270.0
1939,2020-12-07,274.36
1940,2020-12-08,275.49
1941,2020-12-09,276.89
1942,2020-12-10,282.2
1943,2020-12-11,283.73
1944,2020-12-14,279.95
1945,2020-12-15,278.7
1946,2020-12-16,278.35
1947,2020-12-17,278.5
1948,2020-12-18,270.16
1949,2020-12-21,261.79
1950,2020-12-22,262.04
1951,2020-12-23,270.1
1952,2020-12-24,269.32
1953,2020-12-25,270.64
1954,2020-12-28,274.7
1955,2020-12-29,272.0
1956,2020-12-30,271.65
1957,2021-01-04,272.0
1958,2021-01-05,275.2
1959,2021-01-06,272.93
1960,2021-01-08,283.64
1961,2021-01-11,289.49
1962,2021-01-12,289.99
1963,2021-01-13,283.78
1964,2021-01-14,284.79
1965,2021-01-15,276.9
1966,2021-01-18,279.79
1967,2021-01-19,278.19
1968,2021-01-20,279.8
1969,2021-01-21,274.4
1970,2021-01-22,268.25
1971,2021-01-25,265.3
1972,2021-01-26,269.34
1973,2021-01-27,265.5
1974,2021-01-28,265.96
1975,2021-01-29,258.11
1976,2021-02-01,263.8
1977,2021-02-02,263.15
1978,2021-02-03,263.53
1979,2021-02-04,270.11
1980,2021-02-05,271.7
1981,2021-02-08,275.2
1982,2021-02-09,268.98
1983,2021-02-10,265.9
1984,2021-02-11,264.7
1985,2021-02-12,266.0
1986,2021-02-15,271.81
1987,2021-02-16,270.9
1988,2021-02-17,270.9
1989,2021-02-18,266.99
1990,2021-02-19,271.34
1991,2021-02-20,270.51
1992,2021-02-22,273.71
1993,2021-02-24,271.9
1994,2021-02-25,270.71
1995,2021-02-26,270.17
1996,2021-03-01,273.58
1997,2021-03-02,279.1
1998,2021-03-03,278.01
1999,2021-03-04,274.75
2000,2021-03-05,277.5
2001,2021-03-09,285.79
2002,2021-03-10,282.24
2003,2021-03-11,286.0
2004,2021-03-12,284.93
2005,2021-03-15,292.74
2006,2021-03-16,292.33
2007,2021-03-17,283.35
2008,2021-03-18,279.25
2009,2021-03-19,285.47
2010,2021-03-22,288.65
2011,2021-03-23,282.6
2012,2021-03-24,285.79
2013,2021-03-25,286.66
2014,2021-03-26,291.22
2015,2021-03-29,293.3
2016,2021-03-30,293.25
2017,2021-03-31,291.02
2018,2021-04-01,290.24
2019,2021-04-02,291.7
2020,2021-04-05,288.78
2021,2021-04-06,281.5
2022,2021-04-07,283.98
2023,2021-04-08,283.89
2024,2021-04-09,281.07
2025,2021-04-12,281.75
2026,2021-04-13,287.95
2027,2021-04-14,287.18
2028,2021-04-15,283.72
2029,2021-04-16,288.5
2030,2021-04-19,287.72
2031,2021-04-20,287.42
2032,2021-04-21,289.25
2033,2021-04-22,292.18
2034,2021-04-23,293.19
2035,2021-04-26,295.27
2036,2021-04-27,298.5
2037,2021-04-28,298.49
2038,2021-04-29,297.1
2039,2021-04-30,297.73
2040,2021-05-04,303.7
2041,2021-05-05,305.99
2042,2021-05-06,314.72
2043,2021-05-07,317.94
2044,2021-05-10,320.19
2045,2021-05-11,307.16
2046,2021-05-12,302.02
2047,2021-05-13,306.74
2048,2021-05-14,304.1
2049,2021-05-17,303.94
2050,2021-05-18,305.78
2051,2021-05-19,297.0
2052,2021-05-20,296.72
2053,2021-05-21,301.23
2054,2021-05-24,300.7
2055,2021-05-25,306.8
2056,2021-05-26,307.01
2057,2021-05-27,312.72
2058,2021-05-28,309.56
2059,2021-05-31,310.79
2060,2021-06-01,311.6
2061,2021-06-02,313.98
2062,2021-06-03,312.41
2063,2021-06-04,310.94
2064,2021-06-07,315.53
2065,2021-06-08,314.83
2066,2021-06-09,314.78
2067,2021-06-10,314.62
2068,2021-06-11,313.0
2069,2021-06-14,314.12
2070,2021-06-15,312.51
2071,2021-06-16,311.61
2072,2021-06-17,313.9
2073,2021-06-18,309.3
2074,2021-06-21,310.4
2075,2021-06-22,309.73
2076,2021-06-23,309.79
2077,2021-06-24,310.0
2078,2021-06-25,311.81
2079,2021-06-28,309.48
2080,2021-06-29,306.1
2081,2021-06-30,306.45
2082,2021-07-01,305.78
2083,2021-07-02,307.39
2084,2021-07-05,307.0
2085,2021-07-06,303.34
2086,2021-07-07,304.06
2087,2021-07-08,302.63
2088,2021-07-09,303.56
2089,2021-07-12,306.23
2090,2021-07-13,303.0
2091,2021-07-14,301.5
2092,2021-07-15,301.72
2093,2021-07-16,298.85
2094,2021-07-19,291.46
2095,2021-07-20,296.1
2096,2021-07-21,294.86
2097,2021-07-22,297.27
2098,2021-07-23,296.38
2099,2021-07-26,303.34
2100,2021-07-27,299.71
2101,2021-07-28,302.9
2102,2021-07-29,303.12
2103,2021-07-30,305.59
2104,2021-08-02,306.51
2105,2021-08-03,309.89
2106,2021-08-04,311.1
2107,2021-08-05,315.82
2108,2021-08-06,319.15
2109,2021-08-09,326.91
2110,2021-08-10,330.11
2111,2021-08-11,329.9
2112,2021-08-12,328.57
2113,2021-08-13,328.68
2114,2021-08-16,329.36
2115,2021-08-17,334.5
2116,2021-08-18,334.9
2117,2021-08-19,332.69
2118,2021-08-20,325.67
2119,2021-08-23,329.22
2120,2021-08-24,324.83
2121,2021-08-25,324.57
2122,2021-08-26,322.54
2123,2021-08-27,327.41
2124,2021-08-30,328.28
2125,2021-08-31,327.94
2126,2021-09-01,334.57
2127,2021-09-02,329.0
2128,2021-09-03,329.71
2129,2021-09-06,329.37
2130,2021-09-07,325.96
2131,2021-09-08,331.7
2132,2021-09-09,326.01
2133,2021-09-10,326.25
2134,2021-09-13,327.41
2135,2021-09-14,326.48
2136,2021-09-15,333.51
2137,2021-09-16,326.99
2138,2021-09-17,329.56
2139,2021-09-20,326.92
2140,2021-09-21,323.25
2141,2021-09-22,327.8
2142,2021-09-23,327.02
2143,2021-09-24,325.44
2144,2021-09-27,331.68
2145,2021-09-28,329.3
2146,2021-09-29,328.43
2147,2021-09-30,340.99
2148,2021-10-01,338.48
2149,2021-10-04,345.85
2150,2021-10-05,363.2
2151,2021-10-06,364.28
2152,2021-10-07,368.93
2153,2021-10-08,373.01
2154,2021-10-11,387.6
2155,2021-10-12,377.79
2156,2021-10-13,378.8
2157,2021-10-14,376.09
2158,2021-10-15,371.82
2159,2021-10-18,364.6
2160,2021-10-19,373.18
2161,2021-10-20,370.16
2162,2021-10-21,364.6
2163,2021-10-22,364.37
2164,2021-10-25,369.99
2165,2021-10-26,372.16
2166,2021-10-27,371.36
2167,2021-10-28,365.36
2168,2021-10-29,356.14
2169,2021-11-01,370.96
2170,2021-11-02,370.7
2171,2021-11-03,370.13
2172,2021-11-05,360.21
2173,2021-11-08,358.39
2174,2021-11-09,357.44
2175,2021-11-10,348.65
2176,2021-11-11,356.24
2177,2021-11-12,347.59
2178,2021-11-15,344.39
2179,2021-11-16,337.91
2180,2021-11-17,339.89
2181,2021-11-18,336.93
2182,2021-11-19,327.56
2183,2021-11-22,309.15
2184,2021-11-23,326.84
2185,2021-11-24,321.22
2186,2021-11-25,317.29
2187,2021-11-26,304.42
2188,2021-11-29,316.57
2189,2021-11-30,315.0
2190,2021-12-01,324.4
2191,2021-12-02,326.8
2192,2021-12-03,320.66
2193,2021-12-06,307.5
2194,2021-12-07,309.79
2195,2021-12-08,296.95
2196,2021-12-09,300.4
2197,2021-12-10,297.44
2198,2021-12-13,280.64
2199,2021-12-14,284.9
2200,2021-12-15,286.65
2201,2021-12-16,295.89
2202,2021-12-17,294.9
2203,2021-12-20,288.4
2204,2021-12-21,291.7
2205,2021-12-22,294.0
2206,2021-12-23,292.8
2207,2021-12-24,293.89
2208,2021-12-27,295.68
2209,2021-12-28,295.0
2210,2021-12-29,293.51
2211,2021-12-30,293.49
2212,2022-01-03,305.47
2213,2022-01-04,304.24
2214,2022-01-05,287.01
2215,2022-01-06,293.92
2216,2022-01-07,
2217,2022-01-10,291.69
2218,2022-01-11,291.88
2219,2022-01-12,290.4
2220,2022-01-13,272.5
2221,2022-01-14,261.0
2222,2022-01-17,257.78
2223,2022-01-18,234.7
2224,2022-01-19,244.86
2225,2022-01-20,254.61
2226,2022-01-21,246.9
2227,2022-01-24,236.97
2228,2022-01-25,239.59
2229,2022-01-26,236.9
2230,2022-01-27,254.29
2231,2022-01-28,257.82
2232,2022-01-31,269.42
2233,2022-02-01,264.7
2234,2022-02-02,261.0
2235,2022-02-03,250.79
2236,2022-02-04,256.53
2237,2022-02-07,257.61
2238,2022-02-08,269.8
2239,2022-02-09,279.09
2240,2022-02-10,275.2
2241,2022-02-11,260.83
2242,2022-02-14,256.7
2243,2022-02-15,274.0
2244,2022-02-16,277.78
2245,2022-02-17,260.58
2246,2022-02-18,250.28
2247,2022-02-21,201.0
2248,2022-02-22,208.53
2249,2022-02-23,
2250,2022-02-24,132.18
2251,2022-02-25,131.12
2252,2022-02-28,
2253,2022-03-01,
2254,2022-03-02,
2255,2022-03-03,
2256,2022-03-04,
2257,2022-03-09,
2258,2022-03-10,
2259,2022-03-11,
2260,2022-03-14,
2261,2022-03-15,
2262,2022-03-16,
2263,2022-03-17,
2264,2022-03-18,
2265,2022-03-21,
2266,2022-03-22,
2267,2022-03-23,
2268,2022-03-24,136.24
2269,2022-03-25,131.5
2270,2022-03-28,125.0
2271,2022-03-29,128.77
2272,2022-03-30,134.6
2273,2022-03-31,143.69
2274,2022-04-01,154.5
2275,2022-04-04,166.0
2276,2022-04-05,154.1
2277,2022-04-06,141.6
2278,2022-04-07,147.5
2279,2022-04-08,143.72
2280,2022-04-11,138.69
2281,2022-04-12,135.38
2282,2022-04-13,135.5
2283,2022-04-14,129.05
2284,2022-04-15,130.88
2285,2022-04-18,123.85
2286,2022-04-19,120.3
2287,2022-04-20,121.5
2288,2022-04-21,118.65
2289,2022-04-22,116.97
2290,2022-04-25,111.9
2291,2022-04-26,122.36
2292,2022-04-27,131.11
2293,2022-04-28,123.85
2294,2022-04-29,128.8
2295,2022-05-04,123.2
2296,2022-05-05,124.8
2297,2022-05-06,123.1
2298,2022-05-11,123.34
2299,2022-05-12,119.15
2300,2022-05-13,120.2
2301,2022-05-16,123.41
2302,2022-05-17,127.75
2303,2022-05-18,125.12
2304,2022-05-19,125.6
2305,2022-05-20,122.2
2306,2022-05-23,119.46
2307,2022-05-24,123.6
2308,2022-05-25,124.15
2309,2022-05-26,123.0
2310,2022-05-27,121.22
2311,2022-05-30,120.67
2312,2022-05-31,118.3
2313,2022-06-01,121.97
2314,2022-06-02,119.0
2315,2022-06-03,119.21
2316,2022-06-06,118.78
2317,2022-06-07,118.32
2318,2022-06-08,119.9
2319,2022-06-09,118.2
2320,2022-06-10,118.07
2321,2022-06-14,118.98
2322,2022-06-15,121.14
2323,2022-06-16,123.73
2324,2022-06-17,123.88
2325,2022-06-20,131.29
2326,2022-06-21,129.1
2327,2022-06-22,133.11
2328,2022-06-23,136.85
2329,2022-06-24,137.76
2330,2022-06-27,141.15
2331,2022-06-28,139.99
2332,2022-06-29,132.8
2333,2022-06-30,125.2
2334,2022-07-01,129.91
2335,2022-07-04,131.43
2336,2022-07-05,133.5
2337,2022-07-06,134.0
2338,2022-07-07,133.09
2339,2022-07-08,133.3
2340,2022-07-11,126.8
2341,2022-07-12,129.0
2342,2022-07-13,126.0
2343,2022-07-14,125.9
2344,2022-07-15,128.9
2345,2022-07-18,128.11
2346,2022-07-19,127.76
2347,2022-07-20,126.44
2348,2022-07-21,125.48
2349,2022-07-22,128.82
2350,2022-07-25,131.45
2351,2022-07-26,132.9
2352,2022-07-27,132.5
2353,2022-07-28,131.72
2354,2022-07-29,131.9
2355,2022-08-01,127.34
2356,2022-08-02,127.53
2357,2022-08-03,126.85
2358,2022-08-04,126.95
2359,2022-08-05,122.4
2360,2022-08-08,123.81
2361,2022-08-09,126.4
2362,2022-08-10,126.2
2363,2022-08-11,123.45
2364,2022-08-12,124.88
2365,2022-08-15,125.0
2366,2022-08-16,126.39
2367,2022-08-17,124.5
2368,2022-08-18,126.3
2369,2022-08-19,125.2
2370,2022-08-22,126.06
2371,2022-08-23,130.38
2372,2022-08-24,128.15
2373,2022-08-25,128.18
2374,2022-08-26,130.4
2375,2022-08-29,131.17
2376,2022-08-30,130.05
2377,2022-08-31,134.25
2378,2022-09-01,138.2
2379,2022-09-02,143.8
2380,2022-09-05,141.0
2381,2022-09-06,137.23
2382,2022-09-07,136.86
2383,2022-09-08,134.51
2384,2022-09-09,138.15
2385,2022-09-12,138.7
2386,2022-09-13,137.0
2387,2022-09-14,138.9
2388,2022-09-15,139.48
2389,2022-09-16,137.73
2390,2022-09-19,138.04
2391,2022-09-20,125.1
2392,2022-09-21,120.23
2393,2022-09-22,124.31
2394,2022-09-23,119.39
2395,2022-09-26,107.06
2396,2022-09-27,112.92
2397,2022-09-28,111.06
2398,2022-09-29,110.41
2399,2022-09-30,110.21
2400,2022-10-03,114.35
2401,2022-10-04,110.55
2402,2022-10-05,108.51
2403,2022-10-06,108.24
2404,2022-10-07,101.5
2405,2022-10-10,106.71
2406,2022-10-11,107.72
2407,2022-10-12,105.9
2408,2022-10-13,106.5
2409,2022-10-14,107.78
2410,2022-10-17,112.44
2411,2022-10-18,110.88
2412,2022-10-19,112.39
2413,2022-10-20,116.98
2414,2022-10-21,119.45
2415,2022-10-24,118.8
2416,2022-10-25,124.36
2417,2022-10-26,124.43
2418,2022-10-27,126.61
2419,2022-10-28,126.97
2420,2022-10-31,126.72
2421,2022-11-01,127.05
2422,2022-11-02,125.49
2423,2022-11-03,125.75
2424,2022-11-07,132.0
2425,2022-11-08,131.29
2426,2022-11-09,127.3
2427,2022-11-10,136.68
2428,2022-11-11,136.98
2429,2022-11-14,139.8
2430,2022-11-15,135.66
2431,2022-11-16,139.18
2432,2022-11-17,137.57
2433,2022-11-18,136.89
2434,2022-11-21,134.46
2435,2022-11-22,135.65
2436,2022-11-23,136.59
2437,2022-11-24,136.61
2438,2022-11-25,136.53
2439,2022-11-28,135.53
2440,2022-11-29,136.37
2441,2022-11-30,136.78
2442,2022-12-01,137.15
2443,2022-12-02,136.66
2444,2022-12-05,142.0
2445,2022-12-06,140.61
2446,2022-12-07,142.32
2447,2022-12-08,139.92
2448,2022-12-09,140.03
2449,2022-12-12,139.48
2450,2022-12-13,138.13
2451,2022-12-14,137.3
2452,2022-12-15,134.55
2453,2022-12-16,135.45
2454,2022-12-19,134.64
2455,2022-12-20,138.28
2456,2022-12-21,137.75
2457,2022-12-22,137.69
2458,2022-12-23,137.94
2459,2022-12-26,140.95
2460,2022-12-27,139.9
2461,2022-12-28,139.51
2462,2022-12-29,140.96
2463,2022-12-30,141.15
2464,2023-01-03,141.78
2465,2023-01-04,141.43
2466,2023-01-05,141.27
2467,2023-01-06,141.4
2468,2023-01-09,142.4
2469,2023-01-10,142.81
2470,2023-01-11,149.96
2471,2023-01-12,149.3
2472,2023-01-13,151.69
2473,2023-01-16,153.71
2474,2023-01-17,150.45
2475,2023-01-18,151.47
2476,2023-01-19,149.34
2477,2023-01-20,151.38
2478,2023-01-23,153.5
2479,2023-01-24,152.66
2480,2023-01-25,152.81
2481,2023-01-26,152.4
2482,2023-01-27,153.2
2483,2023-01-30,153.38
2484,2023-01-31,158.07
2485,2023-02-01,158.29
2486,2023-02-02,159.45
2487,2023-02-03,161.26
2488,2023-02-06,167.09
2489,2023-02-07,165.39
2490,2023-02-08,164.15
2491,2023-02-09,165.31
2492,2023-02-10,165.52
2493,2023-02-13,164.32
2494,2023-02-14,161.86
2495,2023-02-15,156.25
2496,2023-02-16,158.22
2497,2023-02-17,159.73
2498,2023-02-20,160.09
2499,2023-02-21,164.15
2500,2023-02-22,163.37
2501,2023-02-24,164.3
2502,2023-02-27,169.95
2503,2023-02-28,169.82
2504,2023-03-01,170.53
2505,2023-03-02,168.05
2506,2023-03-03,171.16
2507,2023-03-06,171.84
2508,2023-03-07,174.01
2509,2023-03-09,172.55
2510,2023-03-10,172.53
2511,2023-03-13,172.15
2512,2023-03-14,175.71
2513,2023-03-15,175.3
2514,2023-03-16,175.45
2515,2023-03-17,193.59
2516,2023-03-20,203.73
2517,2023-03-21,203.32
2518,2023-03-22,202.89
2519,2023-03-23,202.58
2520,2023-03-24,203.57
2521,2023-03-27,211.84
2522,2023-03-28,214.03
2523,2023-03-29,217.99
2524,2023-03-30,216.87
2525,2023-03-31,216.6
2526,2023-04-03,216.09
2527,2023-04-04,214.83
2528,2023-04-05,216.15
2529,2023-04-06,214.25
2530,2023-04-07,216.27
2531,2023-04-10,222.21
2532,2023-04-11,218.6
2533,2023-04-12,219.22
2534,2023-04-13,219.85
2535,2023-04-14,221.87
2536,2023-04-17,228.1
2537,2023-04-18,232.66
2538,2023-04-19,232.95
2539,2023-04-20,236.28
2540,2023-04-21,235.17
2541,2023-04-24,235.1
2542,2023-04-25,235.3
2543,2023-04-26,235.21
2544,2023-04-27,240.38
2545,2023-04-28,240.38
2546,2023-05-02,242.62
2547,2023-05-03,235.77
2548,2023-05-04,238.89
2549,2023-05-05,237.7
2550,2023-05-08,238.27
2551,2023-05-10,227.06
2552,2023-05-11,229.32
2553,2023-05-12,229.29
2554,2023-05-15,231.7
2555,2023-05-16,230.62
2556,2023-05-17,230.55
2557,2023-05-18,231.7
2558,2023-05-19,231.27
2559,2023-05-22,231.0
2560,2023-05-23,236.43
2561,2023-05-24,246.06
2562,2023-05-25,243.76
2563,2023-05-26,248.1
2564,2023-05-29,251.18
2565,2023-05-30,244.65
2566,2023-05-31,246.17
2567,2023-06-01,241.66
2568,2023-06-02,243.95
2569,2023-06-05,237.12
2570,2023-06-06,240.91
2571,2023-06-07,241.25
2572,2023-06-08,241.77
2573,2023-06-09,240.4
2574,2023-06-13,244.33
2575,2023-06-14,244.6
2576,2023-06-15,245.18
2577,2023-06-16,243.87
2578,2023-06-19,242.28
2579,2023-06-20,241.74
2580,2023-06-21,242.2
2581,2023-06-22,240.66
2582,2023-06-23,235.67
2583,2023-06-26,238.4
2584,2023-06-27,241.21
2585,2023-06-28,239.67
2586,2023-06-29,239.99
2587,2023-06-30,239.61
2588,2023-07-03,243.33
2589,2023-07-04,240.7
2590,2023-07-05,240.95
2591,2023-07-06,240.96
2592,2023-07-07,243.67
2593,2023-07-10,249.4
2594,2023-07-11,247.99
2595,2023-07-12,247.52
2596,2023-07-13,246.19
2597,2023-07-14,246.45
2598,2023-07-17,245.39
2599,2023-07-18,246.77
2600,2023-07-19,245.85
2601,2023-07-20,242.7
2602,2023-07-21,244.13
2603,2023-07-24,244.87
2604,2023-07-25,247.2
2605,2023-07-26,247.05
2606,2023-07-27,247.95
2607,2023-07-28,249.25
2608,2023-07-31,267.4
2609,2023-08-01,268.5
2610,2023-08-02,268.57
2611,2023-08-03,269.11
2612,2023-08-04,264.12
2613,2023-08-07,261.92
2614,2023-08-08,264.62
2615,2023-08-09,263.91
2616,2023-08-10,266.91
2617,2023-08-11,266.23
2618,2023-08-14,260.45
2619,2023-08-15,260.42
2620,2023-08-16,256.02
2621,2023-08-17,258.5
2622,2023-08-18,261.14
2623,2023-08-21,261.15
2624,2023-08-22,261.45
2625,2023-08-23,256.4
2626,2023-08-24,259.63
2627,2023-08-25,260.5
2628,2023-08-28,266.93
2629,2023-08-29,265.68
2630,2023-08-30,264.7
2631,2023-08-31,264.85
2632,2023-09-01,265.0
2633,2023-09-04,267.39
2634,2023-09-05,264.75
2635,2023-09-06,263.5
2636,2023-09-07,258.79
2637,2023-09-08,255.68
2638,2023-09-11,256.25
2639,2023-09-12,262.4
2640,2023-09-13,258.18
2641,2023-09-14,260.0
2642,2023-09-15,260.83
2643,2023-09-18,259.07
2644,2023-09-19,252.72
2645,2023-09-20,253.77
2646,2023-09-21,250.16
2647,2023-09-22,251.99
2648,2023-09-25,252.65
2649,2023-09-26,255.87
2650,2023-09-27,256.1
2651,2023-09-28,257.67
2652,2023-09-29,260.72
2653,2023-10-02,258.98
2654,2023-10-03,259.65
2655,2023-10-04,259.53
2656,2023-10-05,259.38
2657,2023-10-06,262.93
2658,2023-10-09,265.25
2659,2023-10-10,263.0
2660,2023-10-11,260.21
2661,2023-10-12,264.5
2662,2023-10-13,263.51
2663,2023-10-16,268.15
2664,2023-10-17,270.0
2665,2023-10-18,267.9
2666,2023-10-19,268.65
2667,2023-10-20,269.8
2668,2023-10-23,270.1
2669,2023-10-24,271.27
2670,2023-10-25,273.73
2671,2023-10-26,269.9
2672,2023-10-27,269.7
2673,2023-10-30,269.89
2674,2023-10-31,268.35
2675,2023-11-01,269.68
2676,2023-11-02,269.06
2677,2023-11-03,268.54
2678,2023-11-06,273.42
2679,2023-11-07,273.31
2680,2023-11-08,278.15
2681,2023-11-09,276.65
2682,2023-11-10,280.19
2683,2023-11-13,283.97
2684,2023-11-14,280.87
2685,2023-11-15,282.89
2686,2023-11-16,279.7
2687,2023-11-17,281.6
2688,2023-11-20,282.91
2689,2023-11-21,282.79
2690,2023-11-22,286.16
2691,2023-11-23,286.19
2692,2023-11-24,286.85
2693,2023-11-27,282.33
2694,2023-11-28,279.91
2695,2023-11-29,276.8
2696,2023-11-30,277.5
2697,2023-12-01,273.97
2698,2023-12-04,270.96
2699,2023-12-05,279.62
2700,2023-12-06,267.58
2701,2023-12-07,265.12
2702,2023-12-08,265.16
2703,2023-12-11,256.89
2704,2023-12-12,257.6
2705,2023-12-13,260.45
2706,2023-12-14,256.64
2707,2023-12-15,268.21
2708,2023-12-18,268.4
2709,2023-12-19,267.35
2710,2023-12-20,266.61
2711,2023-12-21,265.19
2712,2023-12-22,271.3
2713,2023-12-25,271.08
2714,2023-12-26,271.9
2715,2023-12-27,271.08
2716,2023-12-28,271.74
2717,2023-12-29,270.82
2718,2024-01-03,274.56
2719,2024-01-04,274.12
2720,2024-01-05,273.62
2721,2024-01-08,276.76
2722,2024-01-09,275.28
2723,2024-01-10,274.49
2724,2024-01-11,275.71
2725,2024-01-12,275.84
2726,2024-01-15,275.96
2727,2024-01-16,276.01
2728,2024-01-17,278.0
2729,2024-01-18,277.07
2730,2024-01-19,274.86
2731,2024-01-22,274.93
2732,2024-01-23,275.9
2733,2024-01-24,273.77
2734,2024-01-25,272.81
2735,2024-01-26,272.65
2736,2024-01-29,274.05
2737,2024-01-30,275.67
2738,2024-01-31,276.0
2739,2024-02-01,276.86
2740,2024-02-02,276.74
2741,2024-02-05,277.84
2742,2024-02-06,278.67
2743,2024-02-07,284.41
2744,2024-02-08,282.17
2745,2024-02-09,283.5
2746,2024-02-12,287.28
2747,2024-02-13,287.07
2748,2024-02-14,289.06
2749,2024-02-15,290.24
2750,2024-02-16,288.33
2751,2024-02-19,288.93
2752,2024-02-20,283.9
2753,2024-02-21,282.0
2754,2024-02-22,284.77
2755,2024-02-26,291.25
2756,2024-02-27,292.52
2757,2024-02-28,291.75
2758,2024-02-29,292.19
2759,2024-03-01,295.38
2760,2024-03-04,299.17
2761,2024-03-05,298.4
2762,2024-03-06,297.71
2763,2024-03-07,300.4
2764,2024-03-11,299.79
2765,2024-03-12,300.9
2766,2024-03-13,298.85
2767,2024-03-14,295.83
2768,2024-03-15,298.3
2769,2024-03-18,298.87
2770,2024-03-19,295.2
2771,2024-03-20,295.4
2772,2024-03-21,295.62
2773,2024-03-22,292.99
2774,2024-03-25,293.9
2775,2024-03-26,294.11
2776,2024-03-27,295.1
2777,2024-03-28,299.0
2778,2024-03-29,298.72
2779,2024-04-01,300.43
2780,2024-04-02,300.38
2781,2024-04-03,306.72
2782,2024-04-04,304.61
2783,2024-04-05,306.1
2784,2024-04-08,307.75
2785,2024-04-09,306.76
2786,2024-04-10,306.48
2787,2024-04-11,306.95
2788,2024-04-12,307.1
2789,2024-04-15,307.99
2790,2024-04-16,308.29
2791,2024-04-17,306.59
2792,2024-04-18,307.99
2793,2024-04-19,307.38
2794,2024-04-22,314.99
2795,2024-04-23,307.39
2796,2024-04-24,307.94
2797,2024-04-25,308.41
2798,2024-04-26,309.0
2799,2024-04-27,308.98
2800,2024-04-29,308.97
2801,2024-04-30,308.24
2802,2024-05-02,307.37
2803,2024-05-03,307.53
2804,2024-05-06,306.01
2805,2024-05-07,308.22
2806,2024-05-08,311.21
2807,2024-05-10,313.49
2808,2024-05-13,314.85
2809,2024-05-14,318.12
2810,2024-05-15,319.7
2811,2024-05-16,322.91
2812,2024-05-17,323.16
2813,2024-05-20,321.08
2814,2024-05-21,320.64
2815,2024-05-22,322.93
2816,2024-05-23,323.54
2817,2024-05-24,321.0
2818,2024-05-27,317.09
2819,2024-05-28,318.22
2820,2024-05-29,320.38
2821,2024-05-30,316.63
2822,2024-05-31,313.11
2823,2024-06-03,310.95
2824,2024-06-04,316.49
2825,2024-06-05,314.72
2826,2024-06-06,313.08
2827,2024-06-07,319.9
2828,2024-06-10,317.28
2829,2024-06-11,317.8
2830,2024-06-13,317.71
2831,2024-06-14,319.35
2832,2024-06-17,317.65
2833,2024-06-18,314.34
2834,2024-06-19,310.7
2835,2024-06-20,314.15
2836,2024-06-21,314.14
2837,2024-06-24,317.25
2838,2024-06-25,319.8
2839,2024-06-26,324.55
2840,2024-06-27,327.16
2841,2024-06-28,327.15
2842,2024-07-01,327.1
2843,2024-07-02,328.37
2844,2024-07-03,328.2
2845,2024-07-04,324.66
2846,2024-07-05,325.0
2847,2024-07-08,324.07
2848,2024-07-09,319.99
2849,2024-07-10,316.68
2850,2024-07-11,295.87
2851,2024-07-12,292.21
2852,2024-07-15,284.38
2853,2024-07-16,285.25
2854,2024-07-17,284.68
2855,2024-07-18,289.83
2856,2024-07-19,289.9
2857,2024-07-22,294.71
2858,2024-07-23,294.39
2859,2024-07-24,295.69
2860,2024-07-25,296.37
2861,2024-07-26,293.3
2862,2024-07-29,286.58
2863,2024-07-30,290.0
2864,2024-07-31,289.3
2865,2024-08-01,287.21
2866,2024-08-02,286.04
2867,2024-08-05,275.49
2868,2024-08-06,279.4
2869,2024-08-07,282.2
2870,2024-08-08,281.09
2871,2024-08-09,281.44
2872,2024-08-12,280.74
2873,2024-08-13,283.92
2874,2024-08-14,280.32
2875,2024-08-15,278.01
2876,2024-08-16,274.6
2877,2024-08-19,268.17
2878,2024-08-20,266.2
2879,2024-08-21,266.93
2880,2024-08-22,261.6
2881,2024-08-23,259.5
2882,2024-08-26,265.39
2883,2024-08-27,260.5
2884,2024-08-28,262.47
2885,2024-08-29,260.31
2886,2024-08-30,254.45
2887,2024-09-02,244.31
2888,2024-09-03,244.04
2889,2024-09-04,253.01
2890,2024-09-05,252.82
2891,2024-09-06,254.77
2892,2024-09-09,263.31
2893,2024-09-10,261.29
2894,2024-09-11,258.2
2895,2024-09-12,254.93
2896,2024-09-13,258.25
2897,2024-09-16,263.79
2898,2024-09-17,265.99
2899,2024-09-18,263.4
2900,2024-09-19,264.5
2901,2024-09-20,269.08
2902,2024-09-23,273.17
2903,2024-09-24,272.92
2904,2024-09-25,267.8
2905,2024-09-26,267.88
2906,2024-09-27,268.07
2907,2024-09-30,268.49
2908,2024-10-01,266.29
2909,2024-10-02,259.31
2910,2024-10-03,264.25
2911,2024-10-04,264.09
2912,2024-10-07,263.39
2913,2024-10-08,262.4
2914,2024-10-09,260.86
2915,2024-10-10,259.98
2916,2024-10-11,256.94
2917,2024-10-14,261.28
2918,2024-10-15,262.03
2919,2024-10-16,259.5
2920,2024-10-17,256.57
2921,2024-10-18,257.19
2922,2024-10-21,258.21
2923,2024-10-22,255.42
2924,2024-10-23,252.01
2925,2024-10-24,252.64
2926,2024-10-25,246.35
2927,2024-10-28,242.56
2928,2024-10-29,242.66
2929,2024-10-30,241.45
2930,2024-10-31,237.9
2931,2024-11-01,238.03
2932,2024-11-02,238.97
2933,2024-11-05,239.23
2934,2024-11-06,243.6
2935,2024-11-07,250.93
2936,2024-11-08,255.98
2937,2024-11-11,260.73
2938,2024-11-12,255.77
2939,2024-11-13,254.7
2940,2024-11-14,249.52
2941,2024-11-15,253.43
2942,2024-11-18,248.72
2943,2024-11-19,240.59
